{"cameraMode":{"drawMode":0,"name":"Shaded","section":"Shading Mode"},"sceneLighting":true,"audioPlay":false,"sceneViewState":{"showFog":false,"showMaterialUpdate":false,"showSkybox":false,"showFlares":false,"showImageEffects":false,"showParticleSystems":false},"in2DMode":false,"pivot":{"x":-3.148477077484131,"y":-0.9515655040740967,"z":2.922177791595459},"rotation":{"x":-0.08993282914161682,"y":0.2603866159915924,"z":-0.02436588704586029,"w":-0.9610084295272827},"size":2.657419443130493,"orthographic":false}