{"cameraMode":{"drawMode":0,"name":"Shaded","section":"Shading Mode"},"sceneLighting":true,"audioPlay":false,"sceneViewState":{"showFog":true,"showMaterialUpdate":false,"showSkybox":true,"showFlares":true,"showImageEffects":true,"showParticleSystems":true},"in2DMode":false,"pivot":{"x":29.359619140625,"y":0.5159997940063477,"z":15.854164123535157},"rotation":{"x":-0.2209310680627823,"y":0.7012165784835815,"z":-0.24514269828796388,"w":-0.6319860219955444},"size":5.463500499725342,"orthographic":false}