{"cameraMode":{"drawMode":0,"name":"Shaded","section":"Shading Mode"},"sceneLighting":true,"audioPlay":false,"sceneViewState":{"showFog":true,"showMaterialUpdate":false,"showSkybox":true,"showFlares":true,"showImageEffects":true,"showParticleSystems":true,"showVisualEffectGraphs":true,"m_FxEnabled":true},"in2DMode":false,"pivot":{"x":0.9619696140289307,"y":-1.0113229751586915,"z":-0.12363052368164063},"rotation":{"x":-0.3029623031616211,"y":0.007716992869973183,"z":-0.00245300168171525,"w":-0.9529702663421631},"size":7.0365705490112309,"orthographic":false}