{"cameraMode":{"drawMode":0,"name":"Shaded","section":"Shading Mode"},"sceneLighting":true,"audioPlay":false,"sceneViewState":{"showFog":true,"showMaterialUpdate":false,"showSkybox":true,"showFlares":true,"showImageEffects":true,"showParticleSystems":true,"showVisualEffectGraphs":true,"m_FxEnabled":true},"in2DMode":false,"pivot":{"x":19.6575984954834,"y":3.0222291946411135,"z":15.674226760864258},"rotation":{"x":0.16358914971351624,"y":-0.11018408834934235,"z":0.018005719408392907,"w":0.9803024530410767},"size":12.341429710388184,"orthographic":false}