{"cameraMode":{"drawMode":0,"name":"Shaded","section":"Shading Mode"},"sceneLighting":true,"audioPlay":false,"sceneViewState":{"showFog":true,"showMaterialUpdate":false,"showSkybox":true,"showFlares":true,"showImageEffects":true,"showParticleSystems":true,"showVisualEffectGraphs":true,"m_FxEnabled":true},"in2DMode":false,"pivot":{"x":19.802833557128908,"y":4.753256797790527,"z":16.558752059936525},"rotation":{"x":0.20091532170772553,"y":-0.0728578194975853,"z":0.014600147493183613,"w":0.9768960475921631},"size":8.678309440612793,"orthographic":false}