{"cameraMode":{"drawMode":0,"name":"Shaded","section":"Shading Mode"},"sceneLighting":true,"audioPlay":false,"sceneViewState":{"showFog":true,"showMaterialUpdate":false,"showSkybox":true,"showFlares":true,"showImageEffects":true,"showParticleSystems":true,"showVisualEffectGraphs":true,"m_FxEnabled":true},"in2DMode":false,"pivot":{"x":3.5644049644470217,"y":0.8383147716522217,"z":-3.1663050651550295},"rotation":{"x":0.03955784812569618,"y":-0.6839276552200317,"z":0.03717401623725891,"w":0.7275464534759522},"size":2.6893413066864015,"orthographic":false}