{"cameraMode":{"drawMode":0,"name":"Shaded","section":"Shading Mode"},"sceneLighting":true,"audioPlay":false,"sceneViewState":{"showFog":true,"showMaterialUpdate":true,"showSkybox":true,"showFlares":true,"showImageEffects":true,"showParticleSystems":true},"in2DMode":false,"pivot":{"x":12.335081100463868,"y":1.4419806003570557,"z":12.128665924072266},"rotation":{"x":-0.12617343664169312,"y":-0.32199394702911379,"z":0.04334603250026703,"w":-0.9372990131378174},"size":7.23468017578125,"orthographic":false}