{"cameraMode":{"drawMode":0,"name":"Shaded","section":"Shading Mode"},"sceneLighting":true,"audioPlay":false,"sceneViewState":{"showFog":true,"showMaterialUpdate":false,"showSkybox":true,"showFlares":true,"showImageEffects":true,"showParticleSystems":true,"showVisualEffectGraphs":true,"m_FxEnabled":true},"in2DMode":false,"pivot":{"x":0.9495946168899536,"y":0.8950055837631226,"z":-0.38318586349487307},"rotation":{"x":0.4786640405654907,"y":-0.1356351226568222,"z":0.07515750825405121,"w":0.8642286658287048},"size":2.949284076690674,"orthographic":false}